Ciudad,Día,T. max. (°C) (Hora),T. min. (°C) (Hora),T. media (°C),Racha (km/h) (Hora),V. max. (km/h) (Hora),Pr. 00 - 24h (mm),Pr. 00 - 06h (mm),Pr. 06 - 12h (mm),Pr. 12 - 18h (mm),Pr. 18 - 24h (mm)
Alicante,2025-12-26,16.5,8.8,12.7,41.0,29.0,0.8,0.8,0.0,0.0,0.0
Alicante,2025-12-27,15.4,6.9,11.1,28.0,21.0,0.0,0.0,0.0,0.0,0.0
Alicante,2025-12-28,16.7,11.0,13.9,42.0,33.0,0.1,0.0,0.1,0.0,0.0
Alicante,2025-12-29,16.7,7.8,12.3,28.0,18.0,10.1,0.0,0.0,10.1,0.0
Alicante,2025-12-30,17.5,6.8,12.2,45.0,31.0,0.0,0.0,0.0,0.0,0.0
Alicante,2025-12-31,16.4,7.9,12.1,33.0,25.0,0.0,0.0,0.0,0.0,0.0
Alicante,2026-01-01,15.3,7.9,11.6,17.0,11.0,0.0,0.0,0.0,0.0,0.0
Alicante,2026-01-02,14.4,6.8,10.6,26.0,17.0,9.89,0.0,0.0,0.0,0.0
Barcelona,2025-12-26,14.3,10.1,12.2,63.0,49.0,21.0,4.4,6.5,6.3,3.8
Barcelona,2025-12-27,14.7,9.8,12.25,51.0,37.0,0.0,0.0,12.5,16.2,1.5
Barcelona,2025-12-28,15.1,9.5,12.3,39.0,25.0,0.0,0.0,0.0,0.0,0.0
Barcelona,2025-12-29,12.8,8.9,10.8,50.0,17.0,0.6,0.0,0.0,0.6,0.0
Barcelona,2025-12-30,13.2,7.7,10.4,42.0,34.0,0.0,0.0,0.0,0.0,0.0
Barcelona,2025-12-31,13.1,6.9,10.0,35.0,24.0,0.0,0.0,0.0,0.0,0.0
Barcelona,2026-01-01,13.3,2.6,8.0,33.0,24.0,0.0,0.0,0.0,0.0,0.0
Barcelona,2026-01-02,12.7,4.2,8.4,37.0,27.0,0.0,0.0,0.0,0.0,0.0
Canaria,2025-12-26,22.5,14.3,18.4,52.0,33.0,0.0,0.0,0.0,0.0,0.0
Canaria,2025-12-27,22.1,14.0,18.1,30.0,21.0,0.0,0.0,0.0,0.0,0.0
Canaria,2025-12-28,21.0,14.7,17.8,24.0,14.0,0.0,0.0,0.0,0.0,0.0
Canaria,2025-12-29,20.6,14.8,17.7,21.0,13.0,0.0,0.0,0.0,0.0,0.0
Canaria,2025-12-30,20.9,14.4,17.6,26.0,19.0,0.0,0.0,0.0,0.0,0.0
Canaria,2025-12-31,21.2,14.4,17.8,48.0,32.0,0.0,0.0,0.0,0.0,0.0
Canaria,2026-01-01,24.3,15.7,20.0,68.0,49.0,0.1,0.0,0.0,0.1,0.0
Canaria,2026-01-02,22.8,17.2,20.0,61.0,44.0,0.0,0.0,0.0,0.0,0.0
Ibiza,2025-12-26,15.3,7.4,11.4,26.0,16.0,2.6,2.1,0.0,0.0,0.5
Ibiza,2025-12-27,15.9,5.9,10.9,15.0,12.0,0.6,0.6,0.0,0.0,0.0
Ibiza,2025-12-28,16.4,7.7,12.0,37.0,26.0,0.0,0.0,0.0,0.0,0.0
Ibiza,2025-12-29,14.3,6.8,10.6,45.0,32.0,5.4,0.0,4.5,0.9,0.0
Ibiza,2025-12-30,15.8,6.5,11.2,28.0,18.0,0.1,0.1,0.0,0.0,0.0
Ibiza,2025-12-31,14.7,5.0,9.8,30.0,21.0,0.1,0.0,0.1,0.0,0.0
Ibiza,2026-01-01,15.1,5.1,10.1,30.0,19.0,0.0,0.0,0.0,0.0,0.0
Ibiza,2026-01-02,15.0,11.8,13.4,33.0,25.0,0.0,0.0,0.0,0.0,0.0
Lanzarote,2025-12-26,20.9,13.3,17.1,42.0,30.0,0.6,0.0,0.6,0.0,0.0
Lanzarote,2025-12-27,22.8,14.4,18.6,59.0,40.0,0.7,0.0,0.0,0.3,0.4
Lanzarote,2025-12-28,21.5,15.5,18.5,42.0,24.0,0.7,0.7,0.0,0.0,0.0
Lanzarote,2025-12-29,21.1,13.3,17.2,26.0,14.0,0.0,0.0,0.0,0.0,0.0
Lanzarote,2025-12-30,20.9,12.5,16.7,35.0,17.0,0.0,0.0,0.0,0.0,0.0
Lanzarote,2025-12-31,21.6,12.95,17.25,35.0,14.0,0.0,0.0,0.0,0.0,0.0
Lanzarote,2026-01-01,22.3,13.4,17.8,42.0,34.0,0.0,0.0,0.0,0.0,0.0
Lanzarote,2026-01-02,23.2,18.0,20.6,67.0,50.0,1.71,0.0,0.0,0.0,0.0
Madrid,2025-12-26,11.5,-1.2,5.1,17.0,9.0,0.0,0.0,0.0,0.0,0.0
Madrid,2025-12-27,11.1,-0.7,5.2,22.0,15.0,0.1,0.0,0.0,0.0,0.1
Madrid,2025-12-28,12.1,6.5,9.3,28.0,15.0,0.0,0.0,0.0,0.0,0.0
Madrid,2025-12-29,12.8,2.4,7.6,17.0,10.0,0.0,0.0,0.0,0.0,0.0
Madrid,2025-12-30,10.6,-1.4,4.6,18.0,12.0,0.0,0.0,0.0,0.0,0.0
Madrid,2025-12-31,10.0,-2.5,3.8,18.0,10.0,0.0,0.0,0.0,0.0,0.0
Madrid,2026-01-01,4.9,-2.7,1.1,18.0,12.0,0.0,0.0,0.0,0.0,0.0
Madrid,2026-01-02,9.8,4.1,7.0,15.0,12.0,0.0,0.0,0.0,0.0,0.0
Mallorca,2025-12-26,14.0,8.7,11.3,21.0,15.0,10.0,2.6,1.8,5.4,0.2
Mallorca,2025-12-27,13.5,8.3,10.9,28.0,17.0,10.5,0.1,0.1,8.7,1.6
Mallorca,2025-12-28,16.9,6.8,11.8,28.0,22.0,0.1,0.0,0.1,0.0,0.0
Mallorca,2025-12-29,16.1,5.7,10.9,24.0,14.0,1.0,0.0,0.1,0.9,0.0
Mallorca,2025-12-30,15.8,2.9,9.4,30.0,17.0,0.0,0.0,0.0,0.0,0.0
Mallorca,2025-12-31,13.6,2.8,8.2,35.0,25.0,0.0,0.0,0.0,0.0,0.0
Mallorca,2026-01-01,14.1,0.7,7.4,18.0,12.0,0.0,0.0,0.0,0.0,0.0
Mallorca,2026-01-02,16.1,3.8,10.0,32.0,26.0,0.0,0.0,0.0,0.0,0.0
Málaga,2025-12-26,16.5,6.0,11.3,28.0,18.0,0.0,0.0,0.0,0.0,0.0
Málaga,2025-12-27,14.4,4.4,9.4,84.0,56.0,5.4,0.0,0.0,0.4,5.0
Málaga,2025-12-28,14.8,7.9,11.4,50.0,35.0,14.7,10.0,4.7,0.0,0.0
Málaga,2025-12-29,17.4,7.0,12.2,28.0,21.0,0.2,0.0,0.0,0.2,0.0
Málaga,2025-12-30,18.4,6.3,12.3,26.0,19.0,0.0,0.0,0.0,0.0,0.0
Málaga,2025-12-31,17.2,5.4,11.3,28.0,22.0,0.0,0.0,0.0,0.0,0.0
Málaga,2026-01-01,14.9,11.1,13.0,32.0,19.0,3.7,0.6,3.1,0.0,0.0
Málaga,2026-01-02,15.4,9.7,12.6,21.0,14.0,0.0,0.0,0.0,0.0,0.0
Tenerife,2025-12-26,15.7,9.2,12.4,42.0,35.0,0.1,0.0,0.0,0.0,0.1
Tenerife,2025-12-27,16.6,10.6,13.6,42.0,32.0,0.1,0.1,0.0,0.0,0.0
Tenerife,2025-12-28,15.8,9.2,12.5,32.0,23.0,0.0,0.0,0.0,0.0,0.0
Tenerife,2025-12-29,17.0,9.2,13.1,22.0,13.0,0.0,0.0,0.0,0.0,0.0
Tenerife,2025-12-30,17.4,9.3,13.3,18.0,14.0,0.0,0.0,0.0,0.0,0.0
Tenerife,2025-12-31,15.6,9.8,12.7,35.0,23.0,0.0,0.0,0.0,0.0,0.0
Tenerife,2026-01-01,15.4,10.8,13.1,28.0,20.0,4.1,0.0,0.0,4.1,0.0
Tenerife,2026-01-02,18.3,11.6,14.9,76.0,54.0,0.0,0.0,0.0,0.0,0.0
Valencia,2025-12-26,14.5,8.6,11.6,22.0,18.0,3.8,2.2,1.4,0.0,0.2
Valencia,2025-12-27,14.1,9.7,11.9,24.0,14.0,2.3,1.4,0.1,0.1,0.7
Valencia,2025-12-28,14.5,7.0,10.8,46.0,34.0,93.2,0.1,0.1,51.7,41.3
Valencia,2025-12-29,14.6,7.0,10.8,33.0,26.0,0.1,0.1,0.0,0.0,0.0
Valencia,2025-12-30,18.7,5.4,12.1,17.0,14.0,0.0,0.0,0.0,0.0,0.0
Valencia,2025-12-31,14.1,2.5,8.3,17.0,12.0,0.0,0.0,0.0,0.0,0.0
Valencia,2026-01-01,14.3,2.7,8.5,15.0,13.0,0.0,0.0,0.0,0.0,0.0
Valencia,2026-01-02,15.0,8.3,11.7,24.0,20.0,0.0,0.0,0.0,0.0,0.0
