Ciudad,Día,T. max. (°C) (Hora),T. min. (°C) (Hora),T. media (°C),Racha (km/h) (Hora),V. max. (km/h) (Hora),Pr. 00 - 24h (mm),Pr. 00 - 06h (mm),Pr. 06 - 12h (mm),Pr. 12 - 18h (mm),Pr. 18 - 24h (mm)
Madrid,02/01/2026,9.8(14:30),4.1(00:00),7.0,15(11:00),12(11:20),0.00.0,0.0,0.0,0.0,0.0
Madrid,01/01/2026,4.9(17:30),-2.7(07:10),1.1,18(13:30),12(13:40),0.0,0.0,0.0,0.0,0.0
Madrid,31/12/2025,10.0(16:30),-2.5(08:30),3.8,18(14:10),10(15:40),0.0,0.0,0.0,0.0,0.0
Madrid,30/12/2025,10.6(15:20),-1.4(08:00),4.6,18(12:10),12(16:40),0.0,0.0,0.0,0.0,0.0
Madrid,29/12/2025,12.8(14:40),2.4(23:59),7.6,17(10:30),10(01:10),0.0,0.0,0.0,0.0,0.0
Madrid,28/12/2025,12.1(15:50),6.5(03:10),9.3,28(17:10),15(17:10),0.0,0.0,0.0,0.0,0.0
Madrid,27/12/2025,11.1(16:40),-0.7(07:50),5.2,22(15:50),15(15:40),0.1,0.0,0.0,0.0,0.1
Madrid,26/12/2025,11.5(16:40),-1.2(06:40),5.1,17(15:40),9(15:40),0.0,0.0,0.0,0.0,0.0
Barcelona,02/01/2026,12.7(15:20),4.2(07:20),8.4,37(07:10),27(10:20),0.00.0,0.0,0.0,0.0,0.0
Barcelona,01/01/2026,13.3(14:10),2.6(08:10),8.0,33(14:10),24(15:30),0.0,0.0,0.0,0.0,0.0
Barcelona,31/12/2025,13.1(15:00),6.9(00:50),10.0,35(10:10),24(09:30),0.0,0.0,0.0,0.0,0.0
Barcelona,30/12/2025,13.2(13:50),7.7(23:59),10.4,42(16:20),34(16:30),0.0,0.0,0.0,0.0,0.0
Barcelona,29/12/2025,12.8(12:00),8.9(23:59),10.8,50(09:40),17(08:10),0.6,0.0,0.0,0.6,0.0
Barcelona,28/12/2025,15.1(13:30),9.5(07:30),12.3,39(08:30),25(00:10),0.0,0.0,0.0,0.0,0.0
Barcelona,27/12/2025,,,,,,,,12.5,16.2,1.5
Barcelona,26/12/2025,14.3(15:30),10.1(00:00),12.2,63(07:30),49(07:40),21.0,4.4,6.5,6.3,3.8
Mallorca,02/01/2026,16.1(12:40),3.8(03:50),10.0,32(11:30),26(11:50),0.00.0,0.0,0.0,0.0,0.0
Mallorca,01/01/2026,14.1(15:10),0.7(08:00),7.4,18(14:50),12(13:50),0.0,0.0,0.0,0.0,0.0
Mallorca,31/12/2025,13.6(12:20),2.8(04:10),8.2,35(14:50),25(12:50),0.0,0.0,0.0,0.0,0.0
Mallorca,30/12/2025,15.8(12:20),2.9(06:50),9.4,30(12:40),17(12:50),0.0,0.0,0.0,0.0,0.0
Mallorca,29/12/2025,16.1(12:50),5.7(23:30),10.9,24(13:50),14(13:50),1.0,0.0,0.1,0.9,0.0
Mallorca,28/12/2025,16.9(15:00),6.8(07:40),11.8,28(14:50),22(15:00),0.1,0.0,0.1,0.0,0.0
Mallorca,27/12/2025,13.5(13:30),8.3(22:00),10.9,28(13:50),17(13:50),10.5,0.1,0.1,8.7,1.6
Mallorca,26/12/2025,14.0(13:40),8.7(08:30),11.3,21(00:20),15(00:10),10.0,2.6,1.8,5.4,0.2
Málaga,02/01/2026,15.4(16:00),9.7(09:20),12.6,21(08:30),14(08:40),0.00.0,0.0,0.0,0.0,0.0
Málaga,01/01/2026,14.9(15:40),11.1(06:50),13.0,32(12:20),19(08:40),3.7,0.6,3.1,0.0,0.0
Málaga,31/12/2025,17.2(14:50),5.4(08:40),11.3,28(07:50),22(07:50),0.0,0.0,0.0,0.0,0.0
Málaga,30/12/2025,18.4(16:20),6.3(08:10),12.3,26(06:50),19(06:50),0.0,0.0,0.0,0.0,0.0
Málaga,29/12/2025,17.4(15:00),7.0(08:00),12.2,28(01:40),21(00:20),0.2,0.0,0.0,0.2,0.0
Málaga,28/12/2025,14.8(14:10),7.9(23:30),11.4,50(00:10),35(00:10),14.7,10.0,4.7,0.0,0.0
Málaga,27/12/2025,14.4(13:20),4.4(08:30),9.4,84(20:10),56(21:20),5.4,0.0,0.0,0.4,5.0
Málaga,26/12/2025,16.5(17:00),6.0(04:20),11.3,28(12:00),18(00:30),0.0,0.0,0.0,0.0,0.0
Alicante,02/01/2026,14.4(15:30),6.8(06:40),10.6,26(12:30),17(12:30),9.89.8,0.0,0.0,0.0,0.0
Alicante,01/01/2026,15.3(14:50),7.9(03:50),11.6,17(14:40),11(00:30),0.0,0.0,0.0,0.0,0.0
Alicante,31/12/2025,16.4(15:10),7.9(21:30),12.1,33(13:10),25(13:40),0.0,0.0,0.0,0.0,0.0
Alicante,30/12/2025,17.5(14:50),6.8(04:40),12.2,45(10:50),31(10:50),0.0,0.0,0.0,0.0,0.0
Alicante,29/12/2025,16.7(11:50),7.8(22:20),12.3,28(00:20),18(16:40),10.1,0.0,0.0,10.1,0.0
Alicante,28/12/2025,16.7(14:10),11.0(01:20),13.9,42(08:40),33(10:30),0.1,0.0,0.1,0.0,0.0
Alicante,27/12/2025,15.4(12:50),6.9(05:50),11.1,28(20:20),21(20:40),0.0,0.0,0.0,0.0,0.0
Alicante,26/12/2025,16.5(13:50),8.8(00:10),12.7,41(07:10),29(07:10),0.8,0.8,0.0,0.0,0.0
Canaria,02/01/2026,22.8(13:40),17.2(05:40),20.0,61(13:00),44(13:10),0.00.0,0.0,0.0,0.0,0.0
Canaria,01/01/2026,24.3(13:20),15.7(04:20),20.0,68(12:30),49(11:20),0.1,0.0,0.0,0.1,0.0
Canaria,31/12/2025,21.2(13:50),14.4(07:50),17.8,48(14:40),32(17:10),0.0,0.0,0.0,0.0,0.0
Canaria,30/12/2025,20.9(13:50),14.4(07:10),17.6,26(15:00),19(14:30),0.0,0.0,0.0,0.0,0.0
Canaria,29/12/2025,20.6(12:10),14.8(08:00),17.7,21(02:10),13(12:50),0.0,0.0,0.0,0.0,0.0
Canaria,28/12/2025,21.0(11:30),14.7(03:20),17.8,24(08:30),14(11:50),0.0,0.0,0.0,0.0,0.0
Canaria,27/12/2025,22.1(13:50),14.0(05:30),18.1,30(14:10),21(15:00),0.0,0.0,0.0,0.0,0.0
Canaria,26/12/2025,22.5(13:10),14.3(07:10),18.4,52(13:30),33(13:50),0.0,0.0,0.0,0.0,0.0
Tenerife,02/01/2026,18.3(11:30),11.6(06:10),14.9,76(14:40),54(14:40),,0.0,0.0,0.0,0.0
Tenerife,01/01/2026,15.4(11:40),10.8(03:50),13.1,28(06:10),20(05:00),4.1,0.0,0.0,4.1,0.0
Tenerife,31/12/2025,15.6(12:30),9.8(06:10),12.7,35(16:10),23(16:10),0.0,0.0,0.0,0.0,0.0
Tenerife,30/12/2025,17.4(15:00),9.3(04:40),13.3,18(11:30),14(22:20),0.0,0.0,0.0,0.0,0.0
Tenerife,29/12/2025,17.0(14:40),9.2(07:20),13.1,22(13:30),13(13:30),0.0,0.0,0.0,0.0,0.0
Tenerife,28/12/2025,15.8(11:40),9.2(08:40),12.5,32(00:30),23(05:00),0.0,0.0,0.0,0.0,0.0
Tenerife,27/12/2025,16.6(13:50),10.6(07:20),13.6,42(17:00),32(17:20),0.1,0.1,0.0,0.0,0.0
Tenerife,26/12/2025,15.7(13:10),9.2(07:40),12.4,42(10:40),35(10:40),0.1,0.0,0.0,0.0,0.1
Ibiza,02/01/2026,15.0(12:30),11.8(07:10),13.4,33(01:20),25(01:40),0.00.0,0.0,0.0,0.0,0.0
Ibiza,01/01/2026,15.1(14:10),5.1(06:10),10.1,30(23:10),19(23:20),0.0,0.0,0.0,0.0,0.0
Ibiza,31/12/2025,14.7(12:10),5.0(06:10),9.8,30(14:40),21(14:50),0.1,0.0,0.1,0.0,0.0
Ibiza,30/12/2025,15.8(12:10),6.5(21:20),11.2,28(12:50),18(14:10),0.1,0.1,0.0,0.0,0.0
Ibiza,29/12/2025,14.3(00:00),6.8(23:30),10.6,45(07:20),32(07:20),5.4,0.0,4.5,0.9,0.0
Ibiza,28/12/2025,16.4(12:40),7.7(01:50),12.0,37(16:20),26(17:20),0.0,0.0,0.0,0.0,0.0
Ibiza,27/12/2025,15.9(14:50),5.9(02:20),10.9,15(08:40),12(08:40),0.6,0.6,0.0,0.0,0.0
Ibiza,26/12/2025,15.3(13:10),7.4(23:59),11.4,26(06:30),16(06:20),2.6,2.1,0.0,0.0,0.5
Lanzarote,02/01/2026,23.2(13:40),18.0(02:00),20.6,67(13:30),50(13:30),1.71.7,0.0,0.0,0.0,0.0
Lanzarote,01/01/2026,22.3(12:30),13.4(02:30),17.8,42(13:10),34(13:20),0.0,0.0,0.0,0.0,0.0
Lanzarote,31/12/2025,,,,35(09:00),14(10:50),0.0,0.0,0.0,0.0,0.0
Lanzarote,30/12/2025,20.9(14:40),12.5(06:10),16.7,35(19:00),17(12:30),0.0,0.0,0.0,0.0,0.0
Lanzarote,29/12/2025,21.1(13:10),13.3(08:00),17.2,26(20:10),14(14:20),0.0,0.0,0.0,0.0,0.0
Lanzarote,28/12/2025,21.5(14:30),15.5(21:30),18.5,42(16:10),24(04:20),0.7,0.7,0.0,0.0,0.0
Lanzarote,27/12/2025,22.8(13:50),14.4(01:10),18.6,59(11:00),40(12:00),0.7,0.0,0.0,0.3,0.4
Lanzarote,26/12/2025,20.9(14:40),13.3(06:20),17.1,42(13:10),30(13:10),0.6,0.0,0.6,0.0,0.0
Valencia,02/01/2026,15.0(15:30),8.3(00:10),11.7,24(06:30),20(06:30),0.00.0,0.0,0.0,0.0,0.0
Valencia,01/01/2026,14.3(14:50),2.7(08:00),8.5,15(04:50),13(04:50),0.0,0.0,0.0,0.0,0.0
Valencia,31/12/2025,14.1(15:40),2.5(08:10),8.3,17(16:00),12(16:00),0.0,0.0,0.0,0.0,0.0
Valencia,30/12/2025,18.7(16:50),5.4(08:10),12.1,17(11:20),14(23:59),0.0,0.0,0.0,0.0,0.0
Valencia,29/12/2025,14.6(15:00),7.0(08:10),10.8,33(00:10),26(00:10),0.1,0.1,0.0,0.0,0.0
Valencia,28/12/2025,14.5(11:30),7.0(03:30),10.8,46(14:50),34(23:30),93.2,0.1,0.1,51.7,41.3
Valencia,27/12/2025,14.1(12:40),9.7(07:40),11.9,24(16:50),14(22:20),2.3,1.4,0.1,0.1,0.7
Valencia,26/12/2025,14.5(15:20),8.6(05:00),11.6,22(00:20),18(10:20),3.8,2.2,1.4,0.0,0.2
